"0I (Alpha, V1) (B.1.1.7)","20H (Beta, V2) (B.1.351)","20J (Gamma, V3) (P.1)",21A (Delta) (B.1.617.2),21B (Kappa) (B.1.617.1),21K (Omicron) (BA.1),21L (Omicron) (BA.2),22A & 22B (Omicron) (BA.4&5),22C (Omicron) (BA.2.12.1),21D (Eta) (B.1.525),21F (Iota) (B.1.526),21G (Lambda) (C.37),21H (Mu) (B.1.621)
Principales mutaciones,,,,,,,,,,,,
S:D614G,S:D614G,S:D614G,S:D614G,S:D614G,S:D614G,S:D614G,S:D614G,S:D614G,S:D614G,S:D614G,S:D614G,S:D614G
,S:E484K,S:E484K,,S:E484Q,S:E484A,S:E484A,S:E484A,S:E484A,S:E484K,S:E484K,,S:E484K
S:P681H,,,S:P681R,S:P681R,S:P681H,S:P681H,S:P681H,S:P681H,,,,S:P681H
S:N501Y,S:N501Y,S:N501Y,,,S:N501Y,S:N501Y,S:N501Y,S:N501Y,,,,S:N501Y
,S:K417N,S:K417T,,,S:K417N,S:K417N,S:K417N,S:K417N,,,,
,,,S:T478K,,S:T478K,S:T478K,S:T478K,S:T478K,,,,
,,,S:L452R,S:L452R,,,S:L452R,S:L452Q,,,S:L452Q,
,,S:H655Y,,,S:H655Y,S:H655Y,S:H655Y,S:H655Y,,,,
,,,,,S:S371L,S:S371F,S:S371F,S:S371F,,,,
,,,,,S:S477N,S:S477N,S:S477N,S:S477N,,,,
,,,,,S:N440K,S:N440K,S:N440K,S:N440K,,,,
,,,S:T19R,,,S:T19I,S:T19I,S:T19I,,,,
,,,,,S:Q498R,S:Q498R,S:Q498R,S:Q498R,,,,
,,,,,S:S375F,S:S375F,S:S375F,S:S375F,,,,
,,,,,S:S373P,S:S373P,S:S373P,S:S373P,,,,
,,,,,S:N969K,S:N969K,S:N969K,S:N969K,,,,
,,,,,S:G339D,S:G339D,S:G339D,S:G339D,,,,
S:Y144-,,,,,S:Y144-,,,,S:Y144-,,,S:Y144S
,,,,,S:G142-,S:G142D,S:G142D,S:G142D,,,,
,,,,,S:N679K,S:N679K,S:N679K,S:N679K,,,,
S:V70-,,,,,S:V70-,,S:V70-,,S:V70-,,,
S:H69-,,,,,S:H69-,,S:H69-,,S:H69-,,,
,,,,,S:N764K,S:N764K,S:N764K,S:N764K,,,,
,,S:P26S,,,,S:P26-,S:P26-,S:P26-,,,,
,,,,,S:D796Y,S:D796Y,S:D796Y,S:D796Y,,,,
,,,,,S:Q954H,S:Q954H,S:Q954H,S:Q954H,,,,
,,,,,S:Y505H,S:Y505H,S:Y505H,S:Y505H,,,,
,,,,,S:Q493R,S:Q493R,,S:Q493R,,,,
,,,,,,S:R408S,S:R408S,S:R408S,,,,
,,,,,,S:D405N,S:D405N,S:D405N,,,,
,,,,,,S:T376A,S:T376A,S:T376A,,,,
,,,,,,S:V213G,S:V213G,S:V213G,,,,
,,,,,S:T95I,,,,,S:T95I,,S:T95I
,,,,,,S:A27S,S:A27S,S:A27S,,,,
,,,,,,S:P25-,S:P25-,S:P25-,,,,
,,,,,,S:L24-,S:L24-,S:L24-,,,,
,,,,,,,,,,S:D253G,S:D253N,
,,,,,S:Y145D,,,,,,,S:Y145N
,,,,,S:A67V,,,,S:A67V,,,
,S:A701V,,,,,,,,,S:A701V,,
,,,S:D950N,,,,,,,,,S:D950N
,S:L18F,S:L18F,,,,,,,,,,
Otras,,,,,,,,,,,,
S:A570D,S:D80A,S:T20N,S:E156-,S:E154K,S:V143-,,S:F486V,S:S704L,S:Q52R,S:L5F,S:G75V,S:R346K
S:T716I,S:D215G,S:D138Y,S:F157-,S:Q1071H,S:N211-,,,,S:Q677H,,S:T76I,
S:S982A,S:L241-,S:R190S,S:R158G,,S:L212I,,,,S:F888L,,S:R246-,
S:D1118H,S:L242-,S:T1027I,,,S:G446S,,,,,,S:S247-,
,S:A243-,S:V1176F,,,S:G496S,,,,,,S:Y248-,
,,,,,S:T547K,,,,,,S:L249-,
,,,,,S:N856K,,,,,,S:T250-,
,,,,,S:L981F,,,,,,S:P251-,
,,,,,,,,,,,S:G252-,
,,,,,,,,,,,S:F490S,
,,,,,,,,,,,S:T859N,
